{
  "manifest": {
    "publishingInformation": {
      "locales": {
        "it-IT": {
          "summary": "Dati giornalieri: numero di nuovi positivi al covid, numero di tamponi eseguiti giornalieri, tasso di positività, decessi e nuovi ingressi in terapia intensiva",
          "examplePhrases": [
            "Alexa, bollettino covid",
            "Alexa, apri bollettino covid",
            "Alexa, chiedi a bollettino covid il numero di tamponi"
          ],
          "keywords": [
            "positivi",
            "covid",
            "tamponi",
            "decessi",
            "tasso",
            "positività",
            "ospedalizzazioni",
            "terapia",
            "intesiva",
            "numeri",
            "bollettino"
          ],
          "name": "Bollettino covid Italia",
          "description": "Per attivare la skill basta dire:\nAlexa, bollettino covid\noppure \nAlexa, apri bollettino covid\noppure\nAlexa, chiedi a bollettino covid il numero di tamponi\n\nLa skill attingendo dai dati pubblicati giornalmente dal repository del Dipartimento della Protezione civile (unica fonte ufficiale dei dati del covid in Italia) riporta:\n- il numero di nuovi positivi al covid\n- il numero di tamponi eseguiti giornalieri\n- il tasso di positività\n- il numero di decessi\n- i nuovi ingressi in terapia intensiva\nL\u0027aggiornamento giornaliero avviene dopo le ore 18 quando i nuovi dati confluiscono nel repository sopra menzionato.\n\nE\u0027 una prima release quindi potrebbe non essere perfetta.\nTroverete il codice su Github alla mia pagina: Pymai73",
          "smallIconUri": "file://assets/images/it-IT_smallIconUri.png",
          "largeIconUri": "file://assets/images/it-IT_largeIconUri.png"
        }
      },
      "automaticDistribution": {
        "sourceLocaleForLanguages": [],
        "isActive": false
      },
      "isAvailableWorldwide": false,
      "testingInstructions": "Gentile Amazon,\nnon sono assolutamente d\u0027accordo con la mancata certificazione della mia skill perché essa si limita a leggere i dati UFFICIALI dal repository nazionale del Dipartimento della protezione civile che sono stati adeguatamente menzionati nella pagina Github del mio progetto (https://github.com/Pymai73/bollettino_covid_giornaliero).\nLe sorgenti ufficiali italiane che dovreste verificare sono queste:\nhttps://dati-covid.italia.it/\nhttps://github.com/pcm-dpc/COVID-19\n\nLa prima pagina porta alla seconda e quest\u0027ultima viene utilizzata per popolare semplicemente i dati della mia skill e questo lo sapreste se aveste ANALIZZATO IL MIO CODICE SORGENTE!\n\nQuindi mi aspetto la pubblicazione della skill perché non averla invece provoca disinformazione andandosi a documentare su siti di terze parti e non dall\u0027unica \"fonte ufficiale\" come invece fa la mia skill. Cercate di premiare la corretta informazione non l\u0027informazione fasulla.\n\nGrazie e saluti,\nMichele",
      "category": "EDUCATION_AND_REFERENCE",
      "distributionMode": "PUBLIC",
      "distributionCountries": [
        "IT"
      ]
    },
    "apis": {
      "custom": {
        "endpoint": {
          "uri": "arn:aws:lambda:us-east-1:815096321697:function:5e2221c7-58c0-486f-ae54-9b3334ea34f4:Release_0"
        },
        "interfaces": [],
        "regions": {
          "EU": {
            "endpoint": {
              "uri": "arn:aws:lambda:eu-west-1:815096321697:function:5e2221c7-58c0-486f-ae54-9b3334ea34f4:Release_0"
            }
          },
          "NA": {
            "endpoint": {
              "uri": "arn:aws:lambda:us-east-1:815096321697:function:5e2221c7-58c0-486f-ae54-9b3334ea34f4:Release_0"
            }
          },
          "FE": {
            "endpoint": {
              "uri": "arn:aws:lambda:us-west-2:815096321697:function:5e2221c7-58c0-486f-ae54-9b3334ea34f4:Release_0"
            }
          }
        }
      }
    },
    "manifestVersion": "1.0",
    "privacyAndCompliance": {
      "allowsPurchases": false,
      "locales": {
        "it-IT": {
          "termsOfUseUrl": "",
          "privacyPolicyUrl": "https://github.com/Pymai73/bollettino_covid_giornaliero/blob/main/alexa%20skill%20bollettino%20covid/privacy%20policy.md"
        }
      },
      "containsAds": false,
      "isExportCompliant": true,
      "isChildDirected": false,
      "usesPersonalInfo": false
    }
  }
}