{
  "manifest": {
    "publishingInformation": {
      "locales": {
        "it-IT": {
          "summary": "Dati giornalieri: numero di nuovi positivi al covid, numero di tamponi eseguiti giornalieri, tasso di positività, decessi e nuovi ingressi in terapia intensiva",
          "examplePhrases": [
            "Alexa, bollettino covid",
            "Alexa, apri bollettino covid",
            "Alexa, chiedi a bollettino covid il numero di tamponi"
          ],
          "keywords": [
            "positivi",
            "covid",
            "tamponi",
            "decessi",
            "tasso",
            "positività",
            "ospedalizzazioni",
            "terapia",
            "intesiva",
            "numeri",
            "bollettino"
          ],
          "name": "Bollettino covid Italia",
          "description": "Per attivare la skill basta dire:\nAlexa, bollettino covid\noppure \nAlexa, apri bollettino covid\noppure\nAlexa, chiedi a bollettino covid il numero di tamponi\n\nLa skill attingendo dai dati pubblicati giornalmente dal repository del Dipartimento della Protezione civile estrapola:\n- il numero di nuovi positivi al covid\n- il numero di tamponi eseguiti giornalieri\n- il tasso di positività\n- il numero di decessi\n- i nuovi ingressi in terapia intensiva\nL\u0027aggiornamento giornaliero avviene dopo le ore 18 quando i nuovi dati confluiscono nel repository sopra menzionato.\n\nE\u0027 una prima release quindi potrebbe non essere perfetta.\nTroverete il codice su Github alla mia pagina: Pymai73",
          "smallIconUri": "file://assets/images/it-IT_smallIconUri.png",
          "largeIconUri": "file://assets/images/it-IT_largeIconUri.png"
        }
      },
      "automaticDistribution": {
        "isActive": false
      },
      "isAvailableWorldwide": false,
      "testingInstructions": "This skill don\u0027t require any permission request. It only list the number of the covid in Italy",
      "category": "NEWS",
      "distributionMode": "PUBLIC",
      "distributionCountries": [
        "IT"
      ]
    },
    "apis": {
      "custom": {
        "endpoint": {
          "uri": "arn:aws:lambda:us-east-1:815096321697:function:5e2221c7-58c0-486f-ae54-9b3334ea34f4:Release_0"
        },
        "interfaces": [],
        "regions": {
          "EU": {
            "endpoint": {
              "uri": "arn:aws:lambda:eu-west-1:815096321697:function:5e2221c7-58c0-486f-ae54-9b3334ea34f4:Release_0"
            }
          },
          "NA": {
            "endpoint": {
              "uri": "arn:aws:lambda:us-east-1:815096321697:function:5e2221c7-58c0-486f-ae54-9b3334ea34f4:Release_0"
            }
          },
          "FE": {
            "endpoint": {
              "uri": "arn:aws:lambda:us-west-2:815096321697:function:5e2221c7-58c0-486f-ae54-9b3334ea34f4:Release_0"
            }
          }
        }
      }
    },
    "manifestVersion": "1.0",
    "privacyAndCompliance": {
      "allowsPurchases": false,
      "locales": {
        "it-IT": {
          "privacyPolicyUrl": "https://github.com/Pymai73/bollettino_covid_giornaliero/blob/main/alexa%20skill%20bollettino%20covid/privacy%20policy.md"
        }
      },
      "containsAds": false,
      "isExportCompliant": true,
      "isChildDirected": false,
      "usesPersonalInfo": false
    }
  }
}